node,score
1022,0.07841209085770924
7,0.049175541920946426
7,0.04912483991651195
7,0.048754497146713156
7,0.0482714634380593
30,0.04802491693942349
25,0.04802421957152874
30,0.04802354074597159
25,0.048023097195695676
30,0.048023097195695676
145,0.0332117206767699
176,0.018857597464891396
762,0.018769818293117888
353,0.018602612781988312
177,0.017802731810546105
753,0.01772336805960598
5,0.012725642200885002
249,0.012384477542738276
3,0.012165264381650283
174,0.012149208587832735
